Student Name,Phone Number
,
Adrian_Melkon,555-555-5555
Alex_Marachlian,111-111-1111
Anna_Estaban,222-222-2222
Ari_Hanahan,333-333-3333
Beckett_Collins,444-444-4444
"Gabrialla, Zenxu",666-666-6666
"Garcia, Sophia",777-777-7777
Gevork_Kayayan,888-888-8888
Heavan_Miller,54-55-345-44
Hrag_Vartabedian,2444-444-444
Jai'Dan_Glazer,444-4444
Jasele_Chipwich,999-999-9999
Jennifer_Hernandez,000-000-0000
Kayla_Sweets,555-555-5555
Lahra_Hevoyan,322-222-2222\
Narene_Danial,121-121-1212
Savage_Pladian,232-232-2323
Serge_Boyadjian,454-454-4545
Jimmy_Smith,565-565-5656
Jimmy_Smith,787-787-7878
Vahna_Hevoyan,909-909-9090
Ventura_Andrea,222-222-2222
Vhram_Vartabedian,310-310-3103
Zandra_Williams,213-213-2131
Zareh_Kelayci,415-415-4151
Zhaki_Figaro,123-456-7890